name,modrinth,curseforge,description
1.13WaterMechanisms,,327277.
24 –±–∞–ª–ª–∞,DiCsnyRf,0.
3D-–æ—Ä—É–∂–∏–µ,228571.
3D —Å–ª–æ–π –∫–æ–∂–∏,521480.
3D —Å—Ç–µ—Ä–µ–æ –º–∞–Ω–µ–≤—Ä,240953.
AE2 Wireless Terminal,pNabrMMw,459929,.
AE2 Wireless Terminal Forge Edition,,483310,.
AE2 –ù–∞–±–æ—Ä –¥–ª—è —Å–∏–Ω—Ç–µ–∑–∞ –∂–∏–¥–∫–æ—Å—Ç–µ–π,387275.
AE2 Fluid Synthesis Kit Reset,NwUP3P8g,623955,.
AE2 Add-on,,421104.
AEI Item Manager,,300126.
AEI Item Manager,Mhsb2DzL,0,.
AI Reducer,,367831.
AI Improvements,233019.
Adobe Blocks 2,,236104.
Alex's Bio,,426558.
Alli's One-Way Glass,622453.
Apex Gun Craft,,654129.
Arcaea Rhyme Source Point,,-1.
Aroma1997's Dimensional World,,60092.
Azure's RPG Style Items,,354054.
B0bGary's biome disabler,,67966,
BC Expansion: –±–æ–ª—å—à–µ –∏–Ω—Å—Ç—Ä—É–º–µ–Ω—Ç–æ–≤,59591.
Baby Creatures,,-1.
–°—É–ø–µ—Ä–º–∞—Ä–∫–µ—Ç –ë–æ–±–æ,,238047.
B –ò–∑–º–µ—Ä–µ–Ω–∏–µ –ø—Ä–æ—à–ª–æ–≥–æ,,247840.
CHENZIQIU's Creative,,532027,,CHENZIQIU's Creativity
CMD –ö–æ–º–∞–Ω–¥–Ω–∞—è –∫–∞–º–µ—Ä–∞,251244.
CT Small Coal,,280766.
C^2M –î–≤–∏–≥–∞—Ç–µ–ª–∏, VSNURh3q,-1,
–ö–æ–º–º—É–Ω–∞–ª—å–Ω–æ–µ –æ–±–æ—Ä—É–¥–æ–≤–∞–Ω–∏–µ Calemi, 320196.
–£—Ç–∏–ª–∏—Ç–∞—Ä–Ω–æ–µ –æ–±–æ—Ä—É–¥–æ–≤–∞–Ω–∏–µ –ö–∞–ª–µ–º–∏,,320196.
–ö–æ–≤—Ä–æ–≤–æ–µ —Ä–∞—Å—à–∏—Ä–µ–Ω–∏–µ,,349240.
CoFH Core, 69162.
CoFH: Vanilla+ Satchels,,295043.
–õ—É—Ä–∫–µ—Ä –•–æ–ª–æ–¥–∞,,408228.
–ö–æ—Ä–∑–∏–Ω–∞ –ö–æ—Ä–∞–π–ª–∞, 243049.
–ù–∞–¥–≥—Ä–æ–±–∏–µ –ö–æ—Ä–∞–π–ª–∞, 243707.
CplPibald's Fine Tuning,,279688.
CrT Integration,,435298.
Cracker's Storm of Apocalyptic Spirits,,621405.
–ê–ø–æ–∫–∞–ª–∏–ø—Ç–∏—á–µ—Å–∫–∏–π —à—Ç–æ—Ä–º –ö—Ä–∞–∫–µ—Ä–∞, kWjNGDUH, 621405.
–†–µ–¥–∞–∫—Ç–æ—Ä CraftTweaker,,-1.
–û–ø—Ç–∏–º–∏–∑–∞—Ü–∏—è –∑–∞–≥—Ä—É–∑–∫–∏ DFU,hvFnDODi,0.
DayZ Remastered,,461566.
Delta Hard Mode,,318459.
Derec's Earth Creatures,,392290.
–î–æ–∫—Ç–æ—Ä –ö—Ç–æ - –†–µ–≥–µ–Ω–µ—Ä–∞—Ü–∏—è,274275.
–ú–∏—Ä –î—É–≥–ª–∞–º—É,,272835.
–ë–æ–µ–≤–∞—è –±–∞—à–Ω—è –î—Ä–µ–π–ª–∞—Ä–∞,315386.
EMI Villager Trading,,j2HhbEE7,,735523,,EMI Villager Trading,,735523,,EMI Villagers
ER Core,,702132.
ET: Moonlight Power Generation,-1.
EZ Storage,,233225.
EZ Storage 2,,245425,.
ElecCore | Rendering Library,,227391,,227391,,227391,,227391,,227391,,227391,,227391.
Evocationüßô‚Äç‚ôÇÔ∏è and Annihilationüí£!!! ,,670279,
Explorify - Dungeons & Structures,HSfsxuTo,931611,
FEI Item Manager,,244314.
FEI Item Manager,244314.
FPS Optimisation,66016.
FPS Optimisation Legacy Fabric Edition,,GAqJA6ia,0,.
FPS Reducer,,904910.
FPS Speed Reducer (Fabric),,-1,,,, –ë–∏–±–ª–∏–æ—Ç–µ–∫–∞ FTB (—Å—Ç–∞—Ä–∞—è –≤–µ—Ä—Å–∏—è)
–ë–∏–±–ª–∏–æ—Ç–µ–∫–∞ FTB (—Å—Ç–∞—Ä–∞—è –≤–µ—Ä—Å–∏—è),,237167,
FTB Utilities,,-1,
FTB Transactions,,-1.
–ö–ª—é—á –ª–æ–∫–∞–ª–∏–∑–∞—Ü–∏–∏ –∑–∞–¥–∞—á FTB: —Å–±—Ä–æ—Å,ufGufJXn,757050,
FTB Backup,,-1.
FTB Backup 2,,622737.
FTB Industrial Charms,,-1.
–¢–∫–∞–Ω–µ–≤–∞—è –≤–µ—Ä—Å–∏—è –¢–µ–ª–µ–ø–æ—Ä—Ç–∞—Ü–∏–æ–Ω–Ω—ã–π –º–æ–Ω–æ–ª–∏—Ç, 410902, ...
–¢–∫–∞–Ω–µ–≤–∞—è –≤–µ—Ä—Å–∏—è –û—Ç–∫—Ä—ã—Ç—ã–π –ª–∏—Ñ—Ç, 573397.
–¢–∫–∞–Ω–µ–≤—ã–π –æ–ø–µ—Ä–∞—Ç–∏–≤–Ω—ã–π —Å–¥–≤–∏–≥, 423883.
–¢–∫–∞–Ω–µ–≤–∞—è –≥—Ä—É–ø–ø–∞ –ø–æ–¥–¥–µ—Ä–∂–∫–∏, GA1t7H08, 320422,.
–ú–µ–±–µ–ª—å –§–∞–Ω—Ç–∞–∑–∏—è, 579564.
–ú–µ–±–µ–ª—å –§–∞–Ω—Ç–∞–∑–∏–∏, A0nfCqYw, 579564.
–ö—É–±–∏–∫–∏ –§–∞–Ω—Ç–∞–∑–∏—è, hPeyEJEZ, 573867.
–ü—É–≥–∞–ª–æ –§–µ–¥–æ—Ä–∞, , 513564.
Fish's Undead Rising,,321139.
–û—Ä—É–∂–∏–µ –§–ª–∞–Ω–∞, 317310.
–û—Ä—É–∂–∏–µ –§–ª–∞–Ω–∞, 317310.
Fluffy's Farming | Flavourfull,,449522.
Forge Bittersweet Pit Fix [Unofficial],,246973,,246973,,246973,,246973,,246973,,246973,,246973,,246973,,246973,,246973
Fureniku's Path,,60936,,Fureniku's Path
GT6 Ore Assistant,,371656.
GTCE-CrT Developer Kit,,412037.
GW Mods | Pillager Outpost,,591927,...
GW Mods | Pillager Outpost,,591927.
–ù–∏–∂–Ω–∏–π –º–∏—Ä –ì–∞–Ω–∏,,-1.
–ú–∏—Ä –ì–∞–Ω–∏,,-1.
Gany's Endgame, -1.
Geophilic - Biome Overhauls,hl5OLM95,711216.
–§–∏–∑–∏–∫–∞ –ì–ª–∏–±–∏,,298126.
Gliby's Voice Chat Reset,,296045,,296045,,296045,,296045,,296045,,296045,,296045,296045
Gregicality Mineral Expansion,,-1.
–ò–Ω—Ç–µ–≥—Ä–∞—Ü–∏—è –º–æ–¥–∞ –ì—Ä–∏–º–∞,245062.
–°—Ç–∞—Ç—É—è –ì—Ä–∏–º–∞,,520827.
Gugle's Carpet add-on pack,,UHjbX5mk,,662867,,662867,,662867,,662867,,662867,,662867,,662867
–ö–∞—Å—Ç–æ–º–∏–∑–∞—Ü–∏—è –æ—Ä—É–∂–∏—è: –ë–µ—Å–∫–æ–Ω–µ—á–Ω–æ—Å—Ç—å,302208.
–¢–∞–±–ª–∏—Ü–∞ —Å–∏–Ω—Ç–µ–∑–∞ G-Key,,75557.
–Ø–¥–µ—Ä–Ω—ã–µ —Ç–µ—Ö–Ω–æ–ª–æ–≥–∏–∏ HBM,235439.
HBM's Nuclear Technology Remastered,,435883.
HEI Item Manager, 557549.
Havio's Cookbook,,eA0EYvyo,0,.
Herobrine's Origins,,470271.
Hexxit Gear,,278826.
Hexxit Gear 2,,-1.
HungTeen's Zombies,,411396.
–ì–∏–ø–æ—Ç–µ—Ä–º–∏—è / Coldwaters‚ùÑÔ∏è,r48kqTbj,704283,
IC2exp Restore,,242917.
IC2 Classic Crop Cover,,-1,
IGI –†–∞—Å—à–∏—Ä–µ–Ω–∏–µ –∏–Ω—Ñ–æ—Ä–º–∞—Ü–∏–∏,656866.
Illuminations üî•,,286847.
JAOPCA –°–∏–Ω–≥—É–ª—è—Ä–Ω–æ—Å—Ç—å,268610.
JAOPCA Mystery Farming Affiliations,-1.
JAOPCA Custom,,274440.
JAOPCA Affiliate,,275025.
–ú–∞—è–∫ JEI,,352622.
JEI –º–∞—è–∫,352622.
JEI Utility Equipment,616190.
JEI Utility Equipment,,616190.
–†–∞–±–æ—á–∏–π –∫—É–± JEI,417645.
–†–∞–±–æ—á–∏–π –∫—É–± JEI, kB56GtWA, 417645.
JEI Expansion,,265917.
JEI Villager Trade View,283013.
–ú–µ–Ω–µ–¥–∂–µ—Ä –ø—Ä–µ–¥–º–µ—Ç–æ–≤ JEI,,238222.
JEI Pig Spirit Bartering,,437558.
JEI Pig Spirit Barter, 437558.
JEI –ü—Ä–µ–¥–≤–∞—Ä–∏—Ç–µ–ª—å–Ω—ã–π –ø—Ä–æ—Å–º–æ—Ç—Ä –∫–∞—Ä—Ç–∏–Ω—ã,,546740.
JEI Potion Effect,532286.
JEI –ü—Ä–æ–≥—Ä–µ—Å—Å,444941.
JEI Enchantment Info,392748,JEI
JER –ò–Ω—Ç–µ–≥—Ä–∞—Ü–∏—è,506948.
JER Integration,506948.
JoJo - Ripple Age,362961.
Json Formatted Entity Model,fumdX4iT,0,
KAI My Entities,,-1.
KJ Library,286823.
Kaleido üé®,,396036,
Keygrip - Mocap,,229219,,,Kaleido
Keygrip - Mocap,,229219,,,KubeJS Offline Documentation
KubeJS Offline Documentation,,229219, Keygrip - Mocap,,229219,,229219
–ú–∞–ª—ã–µ –∫–≤–∞–¥—Ä–∞—Ç—ã LT,,257818.
–û–ø—Ç–∏–º–∏–∑–∞—Ü–∏—è —É–ø—Ä–∞–≤–ª–µ–Ω–∏—è –õ—è–º–±–¥–∞,,354231.
–î–∏–Ω–∞–º–∏—á–µ—Å–∫–∏–π –∏—Å—Ç–æ—á–Ω–∏–∫ —Å–≤–µ—Ç–∞ –õ—è–º–±–¥–∞, yBW8D80W, 393442.
–£–ª—É—á—à–µ–Ω–Ω—ã–π —Ç—Ä–∞–≤—è–Ω–æ–π –∫—É–± –õ—è–º–±–¥—ã, 2Uev7LdA, 400322.
Legacy Fabric Input Patch,TjYDF4ta,0.
Leo's Boss,766910.
Liteloader Fix,,323393.
Lua Wizard,,-1.
MCI Crafting,,-1.
MC Encyclopaedia Information Search - Rebirth,,615409,
MC Encyclopaedia Information Search - Rebirth,,615409,
MEGA Memory Unit,jjuIRIVr,622112,ME Function Adapter,615409,615409,615409
–§—É–Ω–∫—Ü–∏–æ–Ω–∞–ª—å–Ω—ã–π –∞–¥–∞–ø—Ç–µ—Ä ME,,281657.
MITE: Rebirth,,-1.
Ma Enchantment,,351113.
Ma Enchantment, 351113.
Macaw's Bridge: Modding Legacy Attachment,696071,,696071,,696071,,696071,,696071,,696071,,696071,,696071.
Macaw's Furniture,,359540.
Macaw's Furniture: You'll Go Biome Attachment,,714367,,Macaw's Furniture: Super Multi-Modded Legacy Attachment,,696071,,Macaw's Furniture
Macaw's Furniture: Super Multi Biome Attachment,683252,,Macaw's Furniture: Super Multi Biome Attachment,683252,,Macaw's Roof
Macaw Roofing, 352039.
–ö—Ä—ã—à–∞ –ú–∞–∫–∞–æ: –í—ã –∏–¥–µ—Ç–µ –≤ —Ñ–∏–ª–∏–∞–ª—ã –±–∏–æ—Ö–∞–±–∏—Ç–∞—Ç–∞,577356,–ö—Ä—ã—à–∞ –ú–∞–∫–∞–æ: –°—É–ø–µ—Ä-–ø—É–ø–µ—Ä —Ñ–∏–ª–∏–∞–ª—ã –±–∏–æ—Ö–∞–±–∏—Ç–∞—Ç–∞
–ö—Ä—ã—à–∏ –ú–∞–∫–∞–æ: —Å—É–ø–µ—Ä –±–∏–æ—Ç–æ–ø,,558344,,–ó–∞–±–æ—Ä—ã –∏ –æ–≥—Ä–∞–∂–¥–µ–Ω–∏—è –ú–∞–∫–∞–æ
–ó–∞–±–æ—Ä—ã –∏ —Å—Ç–µ–Ω—ã –ú–∞–∫–∞–æ: –í—ã –ø–æ–π–¥–µ—Ç–µ –≤ –±–∏–æ—Ç–æ–ø,YwnqoRu0,620582,620582,–ó–∞–±–æ—Ä –ú–∞–∫–∞–æ
–ó–∞–±–æ—Ä—ã –∏ —Å—Ç–µ–Ω—ã –ú–∞–∫–∞–æ: –ø–µ—Ä–µ–∏–∑–±—ã—Ç–æ–∫ –±–∏–æ–º–æ–≤-—Ñ–∏–ª–∏–∞–ª–æ–≤,Tanquv9C,605641,
–ú–æ—Å—Ç—ã –ú–∞–∫–∞–æ,,351725.
–ú–æ—Å—Ç—ã –ú–∞–∫–∞–æ: –ü—Ä–∏—Å–æ–µ–¥–∏–Ω–µ–Ω–∏–µ –∞–Ω–æ–º–∞–ª–æ–≤, 621057.
–ú–æ—Å—Ç—ã –ú–∞–∫–∞–æ: –ü—Ä–∏–ª–æ–∂–µ–Ω–∏–µ –ê–≤—Ä–æ—Ä–∞, vPHgBokb, 648883.
Bridges of Macaw: Betterlands Annex, -1.
Bridges of Macaw: –ë–∏–æ–º, –∫–æ—Ç–æ—Ä—ã–π –≤—ã —Å–æ–±–∏—Ä–∞–µ—Ç–µ—Å—å –ø—Ä–∏—Å–æ–µ–¥–∏–Ω–∏—Ç—å,s4B19O5h,535960,
–ú–æ—Å—Ç—ã –ú–∞–∫–∞–æ: —Ñ–∏–ª–∏–∞–ª ¬´–õ–µ–≥–∫–∏–π –ø–∏—Ä–æ–≥¬ª,,-1.
–ñ–∏–≤–∞—è –ø–∞–Ω–µ–ª—å–Ω–∞—è –¥–≤–µ—Ä—å Macaw,400933.
–ö–∞—Ä—Ç–∏–Ω–∞ –ú–∞–∫–∞–æ,,438116.
–û–∫–Ω–∞ –ú–∞–∫–∞–æ,,363569.
–î–≤–µ—Ä—å –ú–∞–∫–∞–æ,,378646.
Majrusz's advanced difficulty,,430642.
–ê–∫—Å–µ—Å—Å—É–∞—Ä—ã –ú–∞–π—Ä—É—à–∞,,494475.
–û—Ä—É–∂–∏–µ –∫–ª–∞—Å—Å–∞ –¥—É—à–∏ –ú–∞—Ä–∏—É–º–∞,oX6SohLj,632066,,632066,,632066.
–ü—Ä–∏–Ω–∞–¥–ª–µ–∂–Ω–æ—Å—Ç—å –ú–∞–∫–†–∏_–•–∞–π–ù—É–Ω–∞,674737,
Mega's Time Stasis,,691017.
Mill√©naire Extended: Byzantine,,324154.
Mill√©naire Extended: Indians,,324131,,324131,,324131,,324131,,324131,,324131
–†–∞—Å—à–∏—Ä–µ–Ω–Ω–∞—è –∞–Ω–∫–µ—Ç–∞: –∏–Ω—É–∏—Ç—ã,324313,,–†–∞—Å—à–∏—Ä–µ–Ω–Ω–∞—è –∞–Ω–∫–µ—Ç–∞: –∏–Ω—É–∏—Ç—ã,324313,,32413
Mill√©naire Extended: Maya,324246
Mill√©naire Extended: Normans,306877,324313
MineEx General Libraries,298965.
Minecraft Chromium Embedded Framework,TObQ0HxZ,636236,
Minecraft Earth Rotation/Real Day/Night Cycle,221053,.
Minecraft Multithreading Enhancements Mod Compatibility Enhancement Branch,BjCatuUK,629350,
–í–∏—Ä—Ç—É–∞–ª—å–Ω–∞—è –º–∞—à–∏–Ω–∞ Minecraft,,306381.
ModernCraft|Core,,251971.
Mowzie's Creatures,,250498,,,251971,,251971,,251971
–ú–µ–±–µ–ª—å MrCrayfish,,55438.
–ë–æ–ª—å—à–µ –º–µ–±–µ–ª–∏ –æ—Ç MrCrayfish,,486928
–ù–∞–¥—É–≤–Ω–æ–π –∑–∞–º–æ–∫ MrCrayfish,,285698.
–û—Ä—É–∂–∏–µ MrCrayfish,,289479.
–°–Ω–∞—Ä—è–∂–µ–Ω–∏–µ MrCrayfish, -1.
–ù–æ—Å–∏–ª—å—â–∏–∫ MrCrayfish,,286660.
–ì–æ–ª–æ—Å–æ–≤–∞—è —Å–≤—è–∑—å Mumble, 222432.
MystAgrad Cloche Compat,,288959.
NEI Pinyin Search,,364503,,63352,,364503
NEI Expansion,,63352.
NEI Item Manager Unofficial, iNPc3Onu, 358228.
NPC Variants,,476200.
Nyf's Arrow Pouch,,482731.
Nyf's Arrow Pouch,,482731.
OG Dragon+,,303284.
PI Documentation,,306028.
Paladin's Furniture,,SISz7Qd3,,663141,,Pandoric–∞,,663141,,663141,,663141
Pandoric–∞,,663223.
–í—ã–±–µ—Ä–∏ —Å–≤–æ–π —è–¥ üê∏,596706,
Pick Your Poison üê∏,,596706,,,Pixel
Pixel's Character Models,2qQAOKVT,383472.
Plasmo Voice,1bZhdhsH,467028.
Psi Random Thoughts,302313.
–ò—Å–ø—Ä–∞–≤–ª–µ–Ω–∏–µ –ø—Ä–æ–±–ª–µ–º—ã Quark3951,C87disSp,0,.
–ó–∞–≥—Ä—É–∑–æ—á–Ω—ã–π —ç–∫—Ä–∞–Ω Quilt,VPU6VYVP,0,
–ë–∏–±–ª–∏–æ—Ç–µ–∫–∞ QœâQ,XcNPz1Ba,0,
REI Job Cube,597988,
REI Item Manager,310111.
RF Toolbox,224641.
RF Tools: Basic,326041.
RF Tools: Storage,,350006.
RF Tools: Utility Equipment,,342466,...
RF Tools: –°—Ç—Ä–æ–∏—Ç–µ–ª—å–Ω—ã–µ –º–∞—à–∏–Ω—ã,,347706,.
–ò–Ω—Å—Ç—Ä—É–º–µ–Ω—Ç—ã –†–§: —É–ø—Ä–∞–≤–ª–µ–Ω–∏–µ,250763.
–†–∞–¥–∏–æ—á–∞—Å—Ç–æ—Ç–Ω—ã–µ –∏–Ω—Å—Ç—Ä—É–º–µ–Ω—Ç—ã: –≥–∞–±–∞—Ä–∏—Ç–Ω—ã–µ,,240950.
RF Tools: Energy,,290209.
RPG –≠–≤–æ–ª—é—Ü–∏—è –ê–ø–æ–∫–∞–ª–∏–ø—Å–∏—Å–∞,851229.
RPG –î–æ–ª–≥–æ–≤–µ—á–Ω–æ—Å—Ç—å –æ–±–æ—Ä—É–¥–æ–≤–∞–Ω–∏—è,z4SFmY6O,0,.
RPMTW Automated Medium Culture Module,ZukQzaRP,-1,
–†–∞–¥–∏–æ–∞–∫—Ç–∏–≤–Ω–∞—è –≤—Å–µ–ª–µ–Ω–Ω–∞—è ‚ò¢Ô∏è,,650396,
RaolCraft Œ©,,345836.
Rat's MischiefüêÄ,,431787,
Raven Coffee,469185.
Reese's Sodium Video Interface,Bh37bMuy,511319,
R Key Organiser,223094.
SCPCraft - Down,,344168,,344168,,SCPCraft - Down
SCP Foundation: Blockade,,447965,,SCPFoundation.
Scooty's Zombies 2,,-1,,Zombies 2
Scooty's Zombies Rebirth,,373334,,Scooty's Zombies
Simplex Terrain Generator,352997.
Sodium Temporary Crash Fix,jg6Hhgf5,0,.
StexCraft‚òº,,380565.
Stone's Cookbook,3oRfVvbI,0.
TFC Plant Magic,,-1.
TPS –ì–µ–Ω–µ—Ä–∞—Ç–æ—Ä,,378170.
–†—É–±–∏–¥–∏–µ–≤—ã–π –≤–∏–¥–µ–æ–∏–Ω—Ç–µ—Ä—Ñ–µ–π—Å TexTrue,nm57myYP,663125,
–¢–µ–∫—Å—Ç–∏–ª—å–Ω—ã–π —Ä–µ–∑–µ—Ä–≤,wwcspvkr,359893.
–õ–∏—Ñ—Ç –¢—É—Ç–º–æ—Å–∞,224375.
–î–∏—Å–ø–ª–µ–π —Å–æ–æ–±—â–µ–Ω–∏–π Twitch,,245491,
–í–æ—Å—Å—Ç–∞–Ω–æ–≤–ª–µ–Ω–∏–µ —à—Ä–∏—Ñ—Ç–æ–≤ –Æ–Ω–∏–∫–æ–¥–∞,,233069.
–†–∞—Å—à–∏—Ä–µ–Ω–∏—è —à—Ä–∏—Ñ—Ç–æ–≤ –Æ–Ω–∏–∫–æ–¥–∞,,279563.
–£–º–Ω—ã–π —Ä—é–∫–∑–∞–∫ V0id,,302555.
WI Zoom,,349630.
WTF Industrial Expansion,277618.
Waila Plugin,,226119.
Wawla Highlight,,224712.
Wesley's Adventure Dungeon,,-1.
XK's Decoration,,497637.
–ö–∞—Ä—Ç–∞ –º–∏—Ä–∞ Xaero,,317780,,317780,,317780
–ú–∏–Ω–∏-–∫–∞—Ä—Ç–∞ –ö—Å–∞—ç—Ä–æ,263420.
X craft,,235322.
–õ–µ–¥—è–Ω–æ–π —Ö—É–¥–æ–∂–Ω–∏–∫ YDM,,MxdFarQZ,,577170.
–Ø—Ä–æ—Å—Ç–Ω—ã–π –º–æ–Ω—Å—Ç—Ä YDM, 7fThKQUz, 589268,
–ü—Ä–∏—è—Ç–Ω—ã–π –¥—É—Ö YDM, n7raTIRW, 538828.
–ú–∞—Å—Ç–µ—Ä –æ—Ä—É–∂–∏—è YDM, qi1sj2da, 608235.
–°–∫–æ—Ä–ø–∏–æ–Ω YDM, rlNrHm2H, 577807.
–ú–µ–¥–Ω—ã–π –≥–æ–ª–µ–º YDM, 537561.
YUNG's Portal Mechanism Refactoring,,443723.
–ú–æ—Å—Ç –Æ–Ω–≥–∞,,590988.
–û–ø—Ç–∏–º–∏–∑–∞—Ü–∏—è –ø—É—Å—Ç—ã–Ω–Ω–æ–≥–æ —Å–≤—è—Ç–∏–ª–∏—â–∞ –Æ–Ω–≥–∞,XNlO7sBv,0,
–û–ø—Ç–∏–º–∏–∑–∞—Ü–∏—è –±–æ–ª–æ—Ç–Ω–æ–π —Ö–∏–∂–∏–Ω—ã –Æ–Ω–≥–∞,t5FRdP87,0,
–û–ø—Ç–∏–º–∏–∑–∞—Ü–∏—è –ø–æ–¥–≤–æ–¥–Ω–æ–≥–æ —Ö—Ä–∞–º–∞ –Æ–Ω–≥–∞,3dT9sgt4,0,
Youtuber Lucky Cubes,250060,
Yuo's More Enchantments,698171.
–¢—Ä–∞–º–≤–∞–π –ó–æ—Ä—ã,-1.
bspkrs core,323993.
ewewukek's Musket Module,,354562,,354562,,354562
—Å—Ç–æ–ª –¥–ª—è —Ä–∞–∑–±–æ—Ä–∫–∏ jglrxavpok,,-1.
lOwOcalizatiœân,,-1,
mod autoupdate,,580090,
mod autoupdate,wHrWlTCE,,580090,
—Ä–∞—Å—à–∏—Ä–µ–Ω–∏–µ –∑–æ–Ω—ã —É–¥–µ—Ä–∂–∞–Ω–∏—è —Ç—è–∂–µ–ª—ã—Ö –∫–æ—Ä–∞–±–ª–µ–π scp,317414.
Naruto –æ—Ç sekwah41,,225298.
–õ–∏—Ñ—Ç –∫–∞–ª—å–º–∞—Ä–∞233,,-1.
~SCORCHED GUNS 2~,lDzXAiqs,802940,
NetherUtils,,-1,
¬´–ë–∏–æ–º, –≤ –∫–æ—Ç–æ—Ä—ã–π –≤—ã –Ω–∞–ø—Ä–∞–≤–ª—è–µ—Ç–µ—Å—å¬ª —Ä–µ–º–æ–Ω—Ç–Ω—ã–π –º–æ–¥—É–ª—å, 518623.
¬´–ú–µ—Ö–∞–Ω–∏–∫–∞ —Ñ–ª—é—Å–∞¬ª, 395269.
‚ô™ Alex's Mobs Battle Music ‚ô™,,500532.
‚öíÔ∏è On A Stick,4rDfP4Mj,0,.
–û–¥–Ω–æ—Ä–∞–∑–æ–≤—ã–π –≤–µ—Ä—Å—Ç–∞–∫,,-1.
On A Stick Synthesis,-1.
On A Stick Miner,MxjO3Kkh,626666,
One Click Backpack Organiser Next,O7RBXm3n,495267,
–°–µ–º–∏–¥–Ω–µ–≤–Ω–æ–µ —É–±–∏–π—Å—Ç–≤–æ,QD5dzlxb,222025.
–°–∞–º—ã–µ –ø–æ–ø—É–ª—è—Ä–Ω—ã–µ –∫–∞—Ä—Ç—ã –º–∏—Ä–∞,395708.
–ö–∞—Ä—Ç—ã,552200.
–£–Ω–∏–≤–µ—Ä—Å–∞–ª—å–Ω—ã–π –ø–ª–∞—Å—Ç—ã—Ä—å –¥–ª—è –∫–æ–∂–∏,idMHQ4n2,286924,.
Universal Skin Patch Compatible Layer,,-1,
–£–Ω–∏–≤–µ—Ä—Å–∞–ª—å–Ω–∞—è –Ω–∞–∫–ª–∞–¥–Ω–∞—è –¥–æ—Å–∫–∞,,420254.
–£–Ω–∏–≤–µ—Ä—Å–∞–ª—å–Ω–æ–µ –≤—ã–¥–µ–ª–µ–Ω–∏–µ,,224417.
–£–Ω–∏–≤–µ—Ä—Å–∞–ª—å–Ω—ã–π –ø–µ—Ä–µ–≤–æ–¥—á–∏–∫,,373192.
Wanxiang,,349447.
Trinity,,354949.
Trident,,469262.
Trident,,469262.
Trident Enchantment Extension,,487100.
–¢—Ä–µ–∑—É–±–µ—Ü,,682825.
–î—Ä–µ–≤–Ω–∏–µ –¥—É—Ö–∏/–î—Ä–µ–≤–Ω–∏–µ –∑–≤–µ—Ä–∏,-1.
–ü—É—Ç—å –≤ –ù–∏–∂–Ω–∏–π –º–∏—Ä,616670.
–ü—É—Ç—å –≤ –ù–∏–∂–Ω–∏–π –º–∏—Ä,616670.
–ü—É—Ç—å –≤ –ù–∏–∂–Ω–∏–π –º–∏—Ä 2,jZ85T599,817323,
–ó–∞–±–∞–≤—ã –ù–∏–∂–Ω–µ–≥–æ –º–∏—Ä–∞,496394.
–ó–∞–±–∞–≤—ã –Ω–∏–∂–Ω–µ–≥–æ –º–∏—Ä–∞ (—Ç–∫–∞–Ω–µ–≤–æ–µ –∏–∑–¥–∞–Ω–∏–µ),701831,701831,701831,701831,701831,701831,701831,701831,701831.
Lower Bound Agriculture,,504384.
Lower Bound Alloy Enhancement,,-1.
Lower Bound Alloy Enhancement: Creating,,566875,,Lower Bound Alloy Enhancement
–ù–∏–∂–Ω–∏–π –ø—Ä–µ–¥–µ–ª —É–ª—É—á—à–µ–Ω–∏—è —Å–ø–ª–∞–≤–∞: –∏–Ω—Å—Ç—Ä—É–º–µ–Ω—Ç—ã,g5wnyyqe,582411,,566875,,566875,,566875
–£–ª—É—á—à–µ–Ω–∏–µ –Ω–∏–∂–Ω–µ–≥–æ —Å–ø–ª–∞–≤–∞: —Å–ø–∞—Ä—Ç–∞–Ω—Å–∫–æ–µ –æ—Ä—É–∂–∏–µ,678847,678847,–£–ª—É—á—à–µ–Ω–∏–µ –Ω–∏–∂–Ω–µ–≥–æ —Å–ø–ª–∞–≤–∞: –ø—Ä–µ–¥–º–µ—Ç—ã,678847,678847,–£–ª—É—á—à–µ–Ω–∏–µ –Ω–∏–∂–Ω–µ–≥–æ —Å–ø–ª–∞–≤–∞: –ø—Ä–µ–¥–º–µ—Ç—ã
–£–ª—É—á—à–µ–Ω–∏–µ —Å–ø–ª–∞–≤–∞ –Ω–∏–∂–Ω–µ–≥–æ –º–∏—Ä–∞: –ø—Ä–µ–¥–º–µ—Ç—ã,x2OcOwHz,566866,.
Lower Realm Alloy Enhancement: Ultimate,bcGOQ7CG,566868,.
–†–∞—Å—à–∏—Ä–µ–Ω–∏–µ —Å–ø–ª–∞–≤–∞ –ù–∏–∂–Ω–µ–≥–æ —Ü–∞—Ä—Å—Ç–≤–∞,394120.
–°–ø–ª–∞–≤ –ù–∏–∂–Ω–µ–≥–æ –ü—Ä–µ–¥–µ–ª–∞ –°–ø–ª–∞–≤ –ö—Ä—ã–ª–∞ –ù–æ–∂–Ω—ã,,853845.
–ö–æ–Ω—Å–∫–∞—è –±—Ä–æ–Ω—è –∏–∑ —Å–ø–ª–∞–≤–∞ –ù–∏–∂–Ω–µ–≥–æ –ü—Ä–µ–¥–µ–ª–∞,-1.
–†–∞—Å—à–∏—Ä–µ–Ω–∏–µ –ù–∏–∂–Ω–µ–π –ì—Ä–∞–Ω–∏—Ü—ã,248039.
–ù–∏–∂–Ω—è—è —Ä—É–¥–∞,,66675.
–ü—É—Å—Ç–æ–π –æ—Å—Ç—Ä–æ–≤ –ù–∏–∂–Ω–µ–≥–æ –º–∏—Ä–∞, nedH9v8M, 639158.
–ù–∏–∂–Ω–∏–π —Å—É–Ω–¥—É–∫,,268888.
–ù–∏–∂–Ω–∏–π –≥—Ä–∏–±–Ω–æ–π –≥–æ—Ä—à–æ–∫,,714613.
–°–ª–µ–∑—ã –Ω–∏–∂–Ω–µ–≥–æ –º–∏—Ä–∞,,-1.
–£–±–∏–π—Å—Ç–≤–æ –≤ –ø–∞–¥–µ–Ω–∏–∏,,-1.
–ë–æ–ª—å—à–µ –Ω–∏–∫–∞–∫–∏—Ö –æ–±–Ω–æ–≤–ª–µ–Ω–∏–π,,256359.
–ù–µ—Ç –∫–æ–Ω—Ñ–ª–∏–∫—Ç–æ–≤,648700.
Not Expensive,,2nz0kJ1N,,387108.
–ö–æ—Ä–æ–ª—å –Ω–µ–∂–∏—Ç–∏,666112.
Unholy Land: Rebirth,,284582.
Unsecret,,711519.
–ù–µ—Å—Ç–∞–±–∏–ª—å–Ω—ã–µ –º–µ—Ç–∞–ª–ª–∏—á–µ—Å–∫–∏–µ –∏–Ω—Å—Ç—Ä—É–º–µ–Ω—Ç—ã,,XjLoYbzK,322355,.
Unbridled Wild,457252.
UnrulyWild,457252.
Don't Starve 3,BMyL3q4o,0,.
Don't Starve: Rebirth,JjAL4R92,0.
Don't Starve: Rebirth,JjAL4R92,0.
–ù–µ—Ç –ø—Ä–æ–∫–ª—è—Ç–∏—è,388489.
The Less Merciful Void,274863,
–¢–æ—Ç –∂–µ –¥–µ–Ω—å –∏ –Ω–æ—á—å, —á—Ç–æ –∏ —Ä–µ–∞–ª—å–Ω–æ—Å—Ç—å,298342.
–í–æ–π–Ω–∞ –º–∏—Ä–æ–≤,409150.
–†–∞–∑–º–µ—â–µ–Ω–∏–µ –ø—Ä–µ–¥–º–µ—Ç–æ–≤ –≤ –º–∏—Ä–µ,,345779.
–†–µ–∞–∫—Ü–∏—è –º–∏—Ä–∞ 3: –ø–µ—Ä–µ–∑–∞–≥—Ä—É–∑–∫–∞,59862.
–ú–∏—Ä–æ–≤–æ–π —Å–∏–Ω—Ç–µ–∑,,311938.
–ö–æ–Ω—Ç—Ä–æ–ª—å –º–∏—Ä–∞,,-1.
–ú–∏—Ä–æ–≤–æ–µ –¥–µ—Ä–µ–≤–æ,,377321.
World Manager: –≥—Ä–∞—Ñ–∏—á–µ—Å–∫–æ–µ –≤–∑–∞–∏–º–æ–¥–µ–π—Å—Ç–≤–∏–µ,,228970,,World Manager: –≥—Ä–∞—Ñ–∏—á–µ—Å–∫–æ–µ –≤–∑–∞–∏–º–æ–¥–µ–π—Å—Ç–≤–∏–µ,,228970,,228970
–£–ø—Ä–∞–≤–ª–µ–Ω–∏–µ –≤—ã—Å–æ—Ç–æ–π –º–∏—Ä–∞,C3GPSIgH,0,.
Oriental Runecard Add-on Pack,,624482.
Eastern Runecard Add-on Pack,624482.
–ó–∞—â–∏—Ç–∞ –æ—Ç –≤—ã–±—Ä–æ—à–µ–Ω–Ω—ã—Ö –ø—Ä–µ–¥–º–µ—Ç–æ–≤,AyHwMikg,1057081,Medieval Crafting,624482,624482
–°—Ä–µ–¥–Ω–µ–≤–µ–∫–æ–≤–æ–µ —Ä–µ–º–µ—Å–ª–æ,416811.
–°—Ä–µ–¥–Ω–µ–≤–µ–∫–æ–≤–æ–µ —Ä–µ–º–µ—Å–ª–æ,416811.
–°—Ä–µ–¥–Ω–µ–≤–µ–∫–æ–≤–∞—è –æ—Å–∞–¥–Ω–∞—è –º–∞—à–∏–Ω–∞,585964.
–°—Ä–µ–¥–Ω–µ–≤–µ–∫–æ–≤–∞—è –æ—Å–∞–¥–Ω–∞—è –º–∞—à–∏–Ω–∞,585964.
–°—Ä–µ–¥–Ω–µ–≤–µ–∫–æ–≤–æ–µ –±–µ–∑—É–º–∏–µ,376450.
–û–∫–∫—É–ª—å—Ç–∏–∑–º –°—Ä–µ–¥–Ω–µ–∑–µ–º—å—è,302913.
Chinese Sword Expansion,-1.
–ö–∏—Ç–∞–π—Å–∫–∞—è —ç–∫—Å–ø–∞–Ω—Å–∏—è –º–µ—á–∞,-1.
–ö–∏—Ç–∞–π—Å–∫–∞—è –º–∞—Å—Ç–µ—Ä—Å–∫–∞—è,,291142.
Chinese Input Fix Patch,,71620.
–ë–æ–≥–∞—Ç–∞—è —ç–∫–æ–ª–æ–≥–∏—è,570463.
Rich Ecology,,NCKpPR0Z,,570463.
–ò–∑–æ–±–∏–ª—å–Ω—ã–µ –±–µ–∑–¥–µ–ª—É—à–∫–∏,313536.
Harvest Story,251182.
–ü–æ—Ä—Ç ¬´–ò—Å—Ç–æ—Ä–∏—è —É—Ä–æ–∂–∞—è¬ª,342649.
–†–∞—Å–∫—Ä–∞—à–∏–≤–∞–Ω–∏–µ —Å–∏–ª—É—ç—Ç–∞,LpD5NoYs,481530,
–†–µ–Ω–¥–µ—Ä –±–∏–æ–º–æ–≤ –≥–ª–∞–≤–Ω–æ–≥–æ –º–µ–Ω—é,,245933.
–†–µ–Ω–¥–µ—Ä —Å—É—â–µ—Å—Ç–≤–∞ –≥–ª–∞–≤–Ω–æ–≥–æ –º–µ–Ω—é,245933.
–í–æ—Ä–æ–Ω –≤ —Å–∞–º–æ–ª–µ—Ç–µ,-1.
–ú–æ–Ω—Å—Ç—Ä —Å –º—É–∑—ã–∫–∞–ª—å–Ω—ã–º–∏ –∏–Ω—Å—Ç—Ä—É–º–µ–Ω—Ç–∞–º–∏,299602.
–†–∞–¥–æ—Å—Ç—å –≤ —á–µ—Ç–≤–µ—Ä–≥,724317.
Countryside,,1066559.
–ö–æ–ª—å—Ü–æ –¶—è–Ω—å–∫—É–Ω—å,402007.
–û–±–ª–∞—á–Ω–æ–µ —Ö—Ä–∞–Ω–∏–ª–∏—â–µ,606618.
–û–±–ª–∞—á–Ω–æ–µ —Ö—Ä–∞–Ω–∏–ª–∏—â–µ,,ZiATPR3I,,606618.
–û–±–ª–∞—á–Ω—ã–µ —Å–∞–ø–æ–≥–∏,,-1.
CloudBoots,hkztOJro,-1.
CloudMusic,miTOjEaa,0,.
Colourful Craft,366672.
‰∫ïÁÑ∂ÊúâÁüø,2FJutzEL,0, ‰∫ñÂúª,366672
‰∫ñÂúº,261218.
–ö—Ä—ã–ª—å—è –ê–ª—å—Ñ—Ö–µ–π–º–∞,235220.
–ê—Ç–ª–∞–Ω—Ç–∏–¥–∞,355418.
–ò–Ω—Ç–µ—Ä–∞–∫—Ç–∏–≤–Ω–æ–µ –º—É–ª—å—Ç–∏–º–µ–¥–∏–∞,573610.
–ò–Ω—Ç–µ—Ä–∞–∫—Ç–∏–≤–Ω–æ–µ –º—É–ª—å—Ç–∏–º–µ–¥–∏–∞, 573610.
Alternating Flux,,285135.
–ê–ª—å—Ç–µ—Ä–Ω–∞—Ç–∏–≤–Ω–∞—è –≥–µ–Ω–µ—Ä–∞—Ü–∏—è —Ä–µ–ª—å–µ—Ñ–∞,,228356.
–ü–æ—ç—Ç–∞–ø–Ω—ã–µ —Ç—Ä–æ–ø–∏–Ω–∫–∏,250231.
–Ø—Ä–∫–∏–π —Å–≤–µ—Ç,,552271.
–£—Å–∏–ª–µ–Ω–∏–µ —è—Ä–∫–æ—Å—Ç–∏,,386460.
–õ—é–¥–∏ —É–º–∏—Ä–∞—é—Ç/–ø–æ–º–Ω—è—Ç —Å–º–µ—Ä—Ç—å,439191.
–ú–∏–ª–æ—Å–µ—Ä–¥–Ω—ã–π –≥–æ—Ä—å–∫–∏–π —Å—Ç—Ä–∞—Ö,299478.
–î—É—Ö —Ñ–µ–∏,411251.
–ö–æ–¥–æ–≤–æ–µ –∏–º—è,496780.
–ù–µ—Å–Ω–æ—Å–Ω—ã–µ —Å—É—â–µ—Å—Ç–≤–∞,301841.
–î–æ—Å–∫–∞ —Å –º–∏—Å—Å–∏–µ–π,gQP5iy8B,577121.
–ò–º–∏—Ç–∞—Ü–∏—è –∫–∞—Ä—Ç–æ—Ç–µ–∫–∏,253619.
–°–æ–±—Å—Ç–≤–µ–Ω–Ω–æ—Å—Ç—å –ò–≥–∞–º–æ,,224600.
–ö—Ä—ã–ª—å—è –ò–∫–∞—Ä–∞, -1.
Wings of Icarus Fabric Edition,,-1.
–ö–æ–ª—å—Ü–æ –≠–¥–µ–º–∞,,546590.
Tree Felling,,Fb4jn8m6,,349559.
–ü—Ä–∏–æ—Ä–∏—Ç–µ—Ç–Ω—ã–µ —Ü–µ–ª–∏,,620786.
–ü—Ä–∏–æ—Ä–∏—Ç–µ—Ç–Ω—ã–µ —Ü–µ–ª–∏, 620786.
–ì–æ–≤–æ—Ä—è—â–∏–µ –∂–∏—Ç–µ–ª–∏, 466752.
–ì–æ–≤–æ—Ä—è—â–∏–µ –∂–∏—Ç–µ–ª–∏, 466752.
–¢—Ä–∞–¥–∏—Ü–∏–æ–Ω–Ω—ã–µ —Ä–µ–º–µ—Å–ª–∞,,406349.
–ü–æ–¥ –ª–µ–≥–µ–Ω–¥–æ–π,,244694.
–ö–Ω–∏–≥–∞ –ü–µ—Ä–µ–¥–∞—á–∏,,71869.
–ü—Ä–∏–∫–∞–∑ –æ –ø–µ—Ä–µ–¥–∞—á–µ, HgkivEjC, 805832.
–ü–µ—Ä–µ–¥–∞—á–∞,,601907.
–ö–æ–º–∞–Ω–¥–∞ —Ç–µ–ª–µ–ø–æ—Ä—Ç–∞—Ü–∏–∏,235863.
–¢–∫–∞–Ω—å —Ç–µ–ª–µ–ø–æ—Ä—Ç–∞—Ü–∏–æ–Ω–Ω–æ–π –ø—É—à–∫–∏,451683.
–¢—Ä–∞–Ω—Å–ø–æ—Ä—Ç–Ω–∞—è –ø—É—à–∫–∞,,229084.
–¢–µ–ª–µ–ø–æ—Ä—Ç–∞—Ü–∏–æ–Ω–Ω–∞—è –ø—É—à–∫–∞,229084.
–¢–æ—á–∫–∞ –ø—É—Ç–∏ —Ç–µ–ª–µ–ø–æ—Ä—Ç–∞—Ü–∏–æ–Ω–Ω–æ–≥–æ –º–æ–Ω–æ–ª–∏—Ç–∞,,316632,,,316632,,316632
–¢–æ—Ä—Ç —Ç–µ–ª–µ–ø–æ—Ä—Ç–∞—Ü–∏–∏,319466.
–ö—É–± –ø–æ—Ä—Ç–∞–ª–∞,291921.
–ü–æ—Ä—Ç–∞–ª—å–Ω—ã–π –ª–∏–º–∏—Ç,228266.
–£–¥–∞–ª–µ–Ω–∏–µ –∏–º–º—É–Ω–∏—Ç–µ—Ç–∞ –∫ —É—Ä–æ–Ω—É,267721.
–£–¥–∞–ª–µ–Ω–∏–µ –º–µ—Ö–∞–Ω–∏–∑–º–∞ –∏–º–º—É–Ω–∏—Ç–µ—Ç–∞ –∫ –ø–æ–≤—Ä–µ–∂–¥–µ–Ω–∏—è–º Remastered,,-1.
Damage Immunity Removal Remastered,,610579.
–£—Å—Ç—Ä–∞–Ω–µ–Ω–∏–µ –∏–º–º—É–Ω–∏—Ç–µ—Ç–∞ –∫ —É—Ä–æ–Ω—É Remastered,,610579.
–¢–∞–ª–∞–Ω—Ç ¬´–ü–æ–≥–ª–æ—â–µ–Ω–∏–µ —É—Ä–æ–Ω–∞¬ª,224296.
–ö–æ–Ω—Ç—Ä–æ–ª—å –ø–æ–≤—Ä–µ–∂–¥–µ–Ω–∏–π,261427.
–û—Ç–æ–±—Ä–∞–∂–µ–Ω–∏–µ –ø–æ–≤—Ä–µ–∂–¥–µ–Ω–∏–π,245733.
–¢–æ–Ω–∏—Ä–æ–≤–∞–Ω–∏–µ –ø–æ–≤—Ä–µ–∂–¥–µ–Ω–∏–π,HNLSku3h,434182.
–ì–∞–º–º–∞-–∏–Ω—Å—Ç—Ä—É–º–µ–Ω—Ç,wdLuzzEP,492295,.
Whispering Woods,349597.
–ö–∞—Ä—Ç–∞ –∂–∏–∑–Ω–µ—Å–ø–æ—Å–æ–±–Ω–æ—Å—Ç–∏,225179.
Aftermath,375644.
–†–µ–ø–ª–∏–∫–∞ Aftermath,,300777.
Ashes to Ashes, 391429.
Aftermath Wonderscape Forge Edition,,525270.
–ü—Ä–µ–æ–±—Ä–∞–∑–æ–≤–∞–Ω–∏–µ —ç–Ω–µ—Ä–≥–∏–∏ –ø–µ–ø–ª–∞,,303584.
Crop Bloom,,-1.
–í—ã –ø–æ–ª—É—á–∏—Ç–µ –ë–∏–æ–º+, 488573.
–í—ã –ø–æ–π–¥–µ—Ç–µ –Ω–∞ –∏—Å–ø—Ä–∞–≤–ª–µ–Ω–∏–µ –±–∏–æ–º–∞, 807295.

